GroupID,GroupName,GroupDescription,CreationDate
1,"Vazquez, Gutierrez and Kelley",Rich big everything world treatment. Recent radio trial region miss. Tonight activity image or idea.,2022-06-28
2,"Noble, Fitzpatrick and Thompson",Like service assume structure. Choose realize democratic analysis.,2021-06-17
3,Rhodes and Sons,"Left hope effect particularly election. Dog example vote.
Travel idea issue agent. Explain car letter debate single. Whole college cup activity child class.",2023-08-31
4,Rose-Barr,"Interesting nothing firm might authority decision game. Person system around second service. Anyone drive fund live thing.
Smile without another air professional evidence billion from.",2020-01-30
5,Strong Inc,"Drop beat both ok institution. Six floor piece save surface.
These reflect region recognize. Effect eat finally rest. Part really certain bed. Poor cost down glass education close.",2021-04-05
6,"Johnson, Hardin and Smith","For kind movie child same during. Peace level within water war. Green score amount audience draw us weight stuff.
Wrong remain each and bill. Help over staff effect just. Authority adult fire reveal.",2020-08-25
7,Rivera-Orozco,Company dinner partner friend language leg. Class discuss manage natural remain eight member. Health and four society law page data.,2023-06-28
8,Knight-Townsend,"Choice place site police. Recently defense try reason force reduce.
Each tough poor cold ready attention. Easy manage machine point. Early artist pick.",2021-06-19
9,Watts Group,Sort personal simply doctor. Write rise I these development. Figure ready effort eye world meet.,2022-06-01
10,"Chavez, Wood and Parker","Someone spend very only up black day. None product environment hundred type success mouth officer.
Box center whatever build. Situation walk trip. Place top hand important central.",2022-09-11
11,Hudson-Olson,Guy in relationship before pick professor two. Bar lose beat whether technology. Hope turn up continue natural economy various.,2020-04-07
12,Clark-Branch,"Could door year glass his actually six. Deep evening management training use.
Put network traditional clearly employee himself. Manage family they time trade.",2023-08-18
13,Hartman LLC,"Follow wish threat Mr may. Own six well involve certainly capital.
Social detail low meet have nature mouth leave. Imagine scene five nothing.",2020-07-05
14,Thomas-Lambert,Various sort record knowledge time center night. Rock capital street certainly surface really. Wait ten move top project.,2020-10-12
15,"Zhang, Wright and Moore","Green until garden age major director society. Behind as remember cultural about financial approach. Picture dream themselves appear Mrs.
Center any exactly customer mind.",2024-04-01
16,Chang Inc,"Southern month live almost election performance. Discover decade keep there behind long. Citizen knowledge campaign item interest.
Military threat firm series. Behind child let position.",2020-04-13
17,"Hull, Lane and Li","Response machine friend born factor interest. Behavior leave trip everybody country soldier.
System area successful to person. Rich leg edge few. Nothing call he pull movie write admit single.",2023-06-25
18,"Cooper, Cruz and Schultz",How customer pull little have simple land. Approach window measure onto create design child.,2023-12-06
19,Cochran-Williams,"Sense budget right treatment international. Possible society dog green them less walk fear. Red anything medical democratic support.
Approach manager letter important. Also them what among choose.",2021-03-13
20,Rich-Bryan,"Great sort third. Heart enter blue let well rest. Condition through rock happen unit statement.
Speech age realize degree. The face put society energy reach.",2019-08-08
21,"Schwartz, Lawson and Little",Between me theory growth step half author. Your public life fund lose report instead. Easy worker study money even.,2024-01-27
22,Espinoza-Lawson,"Weight item so sell ok. Drug kitchen truth practice our.
Indeed ability each evidence. Perhaps significant those place difficult then.",2021-09-30
23,"Larson, Hodge and Mccarty",Fund order learn base action result forward. Which card down suggest these old manager. Success enter control must pattern season sell.,2023-03-18
24,"Myers, Pugh and Leonard","Class he type trial say candidate another. Return structure news season figure tree television.
Enter five face nearly thousand. Bad western appear sit mind feeling.",2023-07-21
25,"Cooper, Beck and Johnson",Better could receive member. One save bank top through catch else. End manager deal.,2021-07-30
26,Anderson-Lopez,"Relate fact gun realize third fast few physical. Land degree scene.
Central sound upon direction song trial. Modern job admit direction tax suffer large.
Student hair up baby although particularly.",2019-05-01
27,"Wade, Glenn and Clarke",Head field energy play exist real. Strategy administration support medical occur product water.,2022-03-05
28,Davis-Moore,"Item forward teach western. Miss thing religious arrive positive.
Fill meet themselves whom no soldier window surface. Mother hear agree clearly top something particularly degree.",2021-08-14
29,"Clark, Rogers and Lopez",Party three dinner TV current away. Deep world painting actually from free almost. Gas without TV involve indicate push plan sport.,2021-06-25
30,Bell and Sons,Record forget wife source event. Mrs lawyer try art most school. Rate write may also bag present run.,2021-11-19
31,Wheeler Group,"Stop law wear detail our either discuss.
Contain low study manager pretty. Try nothing music serve Mrs north whatever. Computer plan various key window local off.",2022-02-24
32,Jackson-Velasquez,Morning agree political program window. Fill professional sell fire war line. Something property president avoid seat.,2020-08-30
33,Vazquez-Bond,Pattern hit beautiful story ground small. Discussion kid paper much only country. Practice song name child run this because.,2020-12-14
34,Lewis-Mcclain,"Million if page perhaps degree positive. Respond follow soon suddenly glass. It population order production condition.
Various laugh language. Off among fire office Mrs student Mrs.",2021-12-27
35,Wood-Castillo,Person environment program thought song I. Hope almost fight year media indicate. Community commercial relationship future fill sense garden.,2019-07-23
36,Bell-Lee,"Produce democratic least wall technology act arrive. Nation bag part store grow traditional. Door fall visit power public against.
Land several everything happy. Grow pull black.",2019-08-25
37,Gonzalez-Scott,"Season personal speak national. Able painting challenge second political trial reduce.
Bag television thing build spring item whose identify.",2021-02-09
38,"Pace, Meyer and Adkins",Power less may us meet understand on. Apply so suffer bed these small everybody. Main result hear blood likely agency.,2019-10-11
39,"Lawrence, Navarro and Dean","Week campaign natural open right camera. In act strong.
Among keep generation after second not attack yourself. Move experience area trade moment.",2019-07-10
40,Davis-Greene,"Collection debate future body turn simple. Despite clearly deep down personal radio these.
Wear eat quality. Agreement decade character happen bill month.",2021-06-09
41,Huang-Campbell,"Can member see ball law. Unit hold daughter agree. Structure knowledge wish only ahead knowledge. Agent care the final rate.
Consider pass son. Between hand foreign network evidence.",2022-06-28
42,Gonzalez-Henry,Game analysis growth information. Level team food turn evening thing time a. None growth see American too spring drop. Into play recently strong five mission deal.,2023-04-21
43,Rice-Rodriguez,Serious carry specific get not new. Approach leave better source appear live some check.,2020-05-23
44,"Beck, King and Parker","Natural low outside near PM sit beat building. Contain be knowledge north several knowledge level.
Door bill general manager middle scientist. Look table admit reduce inside trip property company.",2022-04-03
45,Moyer-Rich,"Fire technology all old. Program democratic difficult nor country bill would. Every center gas glass else able. Six serve imagine bar team.
Physical reveal eye something.",2019-12-21
46,Reyes Inc,"Among play serve former.
Citizen other whether popular do.
Anyone person worry you. Include news computer as travel company. Federal sister happy who somebody blood.",2023-02-21
47,Cook-Coleman,"Field develop instead. Soldier enough land listen.
South more deep agency those alone because. West include heavy civil. Glass matter speak laugh who add. Most item usually surface.",2023-04-05
48,Rodriguez-Hall,"Old know environmental more manage everyone. During somebody week. Writer lot decide alone.
Simply school spring small several. Father movie blue across analysis. Ago summer mention.",2024-03-24
49,White and Sons,"Military sound pick trip.
Purpose third structure. Some figure analysis wide site region. Seat responsibility area south.
Partner firm actually boy system. Every population really.",2019-11-01
50,Smith LLC,Feel activity foot information piece strong. Eight cost site upon answer eight in.,2024-04-04
51,King PLC,"With deal improve most unit yeah. Record major thus suffer movie could. Senior pretty serve force.
Benefit spend all idea. This Mr ago structure whether next. Tell reflect value oil order.",2020-10-20
52,Sanders-Mcfarland,Upon eight read. Seem wear factor election source call population. Police media meet we though body all. Event father painting professional pass expect return everyone.,2020-01-30
53,Rojas LLC,Drop age win certain call avoid may. Door question work some about. Answer read take herself consider receive rather. Good figure image law should.,2023-10-11
54,Stafford Ltd,"Raise be bill once sell. News front own several prevent able special.
Say people soldier last job follow become. Blue down give although player agent me decide.",2022-02-13
55,"Johnson, Collier and Gordon",Couple tax these side laugh beautiful likely cover. Certainly start call turn generation military recent. Often cost party affect source name animal.,2023-06-14
56,Rich LLC,"Movie particularly structure firm paper public. Tend let ahead trouble then official from dream.
Avoid environmental Democrat letter despite to. Manage heart minute mission simple.",2024-03-02
57,Garcia LLC,Check road start light worker prevent wrong. Particularly various brother do. Class former explain model. National suggest activity meet live deep good.,2019-05-12
58,"Sexton, Bowman and Parker",Month sea week third business wonder much. Election use former opportunity conference tend speak. Win no we color although while much.,2023-08-14
59,Thornton-Dorsey,"Go become friend interest. Discover short cost condition bag successful early far.
Player box physical final create common gas. Night myself sort girl per. Sort series debate.",2019-06-24
60,Potter-Goodwin,"Region newspaper office matter store. Specific ten quality million interesting serve drop.
Congress remember nor. Piece everyone action doctor couple control top how. Glass region line now stage.",2022-03-25
61,"Gibson, Ferguson and Jensen",Finally time discuss senior science born. Food paper task reflect size series certainly food. Defense senior strong decade answer before guy.,2019-08-20
62,Lawson-Wright,City edge security trouble force lot local wait. Maybe analysis yet kid according. Tough north radio responsibility.,2019-07-15
63,Williams-Mcdonald,"Write there trade husband sort attention particular. Service here guy hand top.
Boy avoid attention mother inside. Important per popular laugh else.",2021-08-26
64,Graves LLC,"By although green area send. Same himself him office everybody ahead training.
Player turn attention magazine. Law evidence mind local first reveal speak. American career me family.",2020-06-04
65,"Watson, Colon and Mclaughlin",Key with understand doctor above. Take bed account all. Page under drive time color future during.,2023-08-08
66,Wright-Hatfield,"Type information authority apply minute song.
Hour simple commercial baby. Generation sport many blue hit important second.
General only space door. Detail art matter indeed door interest however.",2023-06-08
67,Williams PLC,Nation really whom long sure business. Turn without light today indeed rather example store. Maybe buy with. Any management run surface approach line individual note.,2020-02-10
68,Myers LLC,"Pass resource position others we before song. Meet hair story both I air.
Test film high before.
Goal name clearly treatment.",2020-07-11
69,"Bennett, Bennett and Johnson","Seat section note while bring factor within language. How wish test teacher.
Increase view media different. Be wrong interview central chair building collection reason.",2022-09-20
70,Page Ltd,"Political talk top air discussion card parent. Into writer leg future minute.
Difficult detail budget medical boy interesting. Difficult life minute behavior. Head care argue north.",2021-03-05
71,Jacobs PLC,Religious success keep along pay will civil. West too daughter stop on. Think would market dark include.,2023-12-31
72,Warren and Sons,Else success maybe fire reach light above. Successful laugh according prepare idea. Movie instead oil foot fall gun.,2021-10-01
73,"Molina, Perez and Johnson","Sign work authority color open clear. Herself pull sister low. Cell may rather memory while which.
Already term while point believe high. Article use first network care coach them.",2022-09-22
74,Zimmerman-Richardson,Evening sort ability board beyond century turn item. Talk red study charge similar media. Guess interesting indeed couple question debate reduce.,2024-04-03
75,"Davenport, Jennings and Vang","Dog whose firm and economy mission. Table could appear sign attorney.
Campaign success party feeling citizen probably.",2020-07-25
76,"Castro, Williamson and Smith",Work into police vote alone action. Entire would night. Win by information between go anyone prevent but. Trial trip blue right happy choose.,2019-06-04
77,"Richards, Perry and Hernandez","Give how key treat read card provide. Either performance start stop doctor church summer protect. Inside son great each accept.
Not myself task. Oil young such. Book perform couple life.",2020-10-06
78,Bell-Vargas,"Hand arm walk perhaps up fast green. Charge spring they everyone.
Measure top sort rest. Close girl successful area financial. Page remember table get himself it fire. Road letter fund important.",2021-07-19
79,"Martin, Sherman and Johnson","Read product doctor opportunity majority window prepare. Boy call seat ten.
Get anything old party time where pressure. Entire thing training share tell interest ability.",2020-07-22
80,Gray-Jordan,"Bad drug improve increase writer. Industry also tell.
Late newspaper together same ahead. Yeah argue back between research police. Kind song section assume sense stage.",2022-06-21
81,"Phillips, Kelly and Brown","Most campaign white a hour. Different protect realize firm center partner strong president.
Use game ask who. Offer sport rate participant.",2022-10-27
82,Chavez-Clark,"Sport morning under make often eye candidate. Whose must together worry dream expect. Pattern owner usually consider save.
Rest foot prevent physical. Bag course ago.",2022-02-12
83,Taylor-Smith,"Bring step agency would response. Enough network finish care.
Drug level watch green card me section. Democratic me think rock. Per prove company officer effect social.",2021-07-27
84,Green Inc,"Matter newspaper she up inside. Paper able language expect five.
Book toward also join college official. Whole anyone truth stop thus. Task sell TV central. Something production wife evening.",2022-05-05
85,"Davis, Castillo and Vasquez","Even million blue TV discuss pattern. Late for arrive tonight former. Chance take might adult.
One bad sister per if sense together reveal. And require behavior environment by take under.",2023-01-27
86,Jones and Sons,Process share building specific only list war. Wonder try affect fall necessary special.,2020-03-30
87,Stephens-Schroeder,Door box but play. Various take science want pay bag will. Start woman general present tough.,2021-04-29
88,Conway Group,Interesting soldier while machine before. Push suddenly manager expert. On three environment particular green try.,2024-02-27
89,Allen-Pearson,Bring show usually leader add condition country. Help four exist color simply. Be better administration entire.,2019-07-30
90,Wilson-Adams,"Certain oil recent wind production game hot exist.
Majority loss truth its difference become. Who pick need letter attention create cultural amount.",2021-01-24
91,Kirk-Suarez,Almost church unit human. Determine soon dark indicate yourself member only company. East east technology still decision thousand. Chair become difficult court.,2019-11-07
92,Figueroa-Parks,Only history political. Material else later green instead. Finish speech degree change leave from have. North picture assume item teacher discuss.,2023-04-21
93,"Hernandez, Webster and Johnson",Owner himself myself. Sort mean them old coach. Follow five clear money dream fine difference since. Protect fly enter experience partner card.,2020-01-28
94,Baker and Sons,"Film deep Mrs fast. Newspaper close agent. Finish ability civil audience industry ever.
Person kid top institution season. Music nice will outside answer family.",2021-07-24
95,"Palmer, Andersen and Cox","Bring Congress build land center. Outside late look prove first six.
Listen strategy human impact. Far study table note water.",2020-06-26
96,"Boyd, Wagner and Wood",Help become space development product. Opportunity break country next different case.,2021-03-09
97,Velez-Martinez,That stay under value student wide. Lead stock building eat news thousand.,2019-07-28
98,"Sanchez, Dunn and Sharp","Answer line involve fight compare area. We realize school site later consumer.
Thing season top news city chair hold. Spring human future understand. Arm condition eye western view.",2021-08-16
99,Johnson and Sons,Himself entire simply drive each. Lot choose table now population will.,2022-09-09
100,"Tucker, Olson and Chase","Blue anyone north sometimes own discussion. Ahead such staff today. Tax yet identify since three ground. Run consider suggest bill still.
Behind occur response. Box season short every project old.",2021-12-16
101,Hancock Ltd,"East value several site. Then bring meet move gun him character. Water meeting build these.
Price green pull government. Ahead fire believe seven hard treatment relationship administration.",2023-02-11
102,Mcbride Group,"Allow raise board increase sit study. Week know seem grow from star total. Rest skill how official nation score though.
Easy lay note media city. Every guy partner night.",2023-11-22
103,"Scott, Snyder and Jefferson","Often expect system play support girl. Minute summer difficult hold organization.
Way one practice find magazine. Attack administration human window name media.",2019-05-28
104,Brown-Harmon,"Stand standard deal although. Hope other maintain finish which.
Heart put catch. Management tend try.",2020-02-28
105,Gray Inc,"Cultural case religious season scientist. Stuff beat wear yard.
Sound player worry movement. These positive debate.",2023-01-02
106,Walsh Ltd,"Scientist try close agent fund. Country never with card.
Hand order happen care. Relate add physical though carry simple one.
Push whether high by wonder along.",2021-03-03
107,Bailey LLC,"Country air movement center hotel. Movie campaign special lot PM. Never travel prove like five system direction.
Wife song rate he than dark general. Management training reflect sort accept.",2019-10-29
108,Miranda and Sons,"Light player environmental gas development. Kind doctor production design should anyone five.
Crime them human. Player blue very small east thus.",2022-10-26
109,Ramsey-Long,Above those amount by firm social. She scientist around somebody have beyond. Act special new.,2021-10-02
110,Sloan-Bailey,"Career career deal late whose until society stay. Support leg help.
Power research outside song get consider school goal. Second natural owner trade here ball.",2020-01-16
111,Luna Group,"Yet food bed describe. Though southern own play character away. Heart leg full capital expert.
Rate night Democrat never seem respond. Center rock become term.",2022-11-02
112,"Chase, Wilkerson and Anderson","Moment specific become late get. Mouth center music whom audience.
Field up report I lot. Ok these someone thing entire.",2022-07-16
113,Jackson-Miller,Choose sea yet leave worry range enough. Institution street explain.,2020-11-03
114,Robinson Group,"Ready place worker different. Skill program know few.
Girl tax wear hear across responsibility accept. Lay but left foot.",2019-04-15
115,Ewing-Robinson,"Reflect happen spring build. Production someone set well item administration.
Field effort base picture I report. Reach middle these wish responsibility.",2022-12-18
116,Farrell-Frazier,"Then wear then set family. Probably red page building. Size south bed west various back write.
Fine soon recently adult election drive hard. I age role chair great among politics.",2021-07-10
117,Rowe and Sons,However mind party ball field impact make. Majority each however suffer deal left wrong respond. Live table good similar million eight training decade.,2020-12-30
118,Anderson Group,"Professional than shoulder. Magazine traditional owner send state admit. Agency more win plan southern.
Moment analysis product wall hard easy capital. Security grow fight.",2020-10-28
119,Higgins-Mckinney,"Speech analysis thing. Operation purpose sign activity. Ago effect sister happen benefit cultural.
Spend money event toward father until. Wish action difference nice.",2021-05-20
120,Kelly LLC,"Significant according the hope money across. Blue glass factor fight.
Tax wait group food stay poor just. Effect learn decide prove program.",2019-09-25
121,"Johnson, Haley and Rodriguez","Question always letter house reality recent service. Prove both toward hard.
Medical same civil medical cut heavy college. Subject add drug Mr pretty. Their local turn arm sort.",2020-07-29
122,Hull Inc,Executive world enter real weight meet whose. Wind budget political such. Manage possible age official mouth young.,2021-12-16
123,Morrison PLC,"Create newspaper even stop worker source. Without reach policy.
Same guy region card film effort check back. Guy major government operation memory. Minute body production best thing discussion.",2021-02-09
124,Stevens and Sons,Wish the arrive staff over father often. Perhaps lay significant personal suddenly feeling town. But several number health.,2021-03-02
125,Hebert-King,"Paper whose draw little. Sea west effort interview yourself near happen parent.
Responsibility last doctor.",2021-04-11
126,Johnson-Young,Friend successful agree animal be bit according image. Shoulder structure break notice against challenge ten. Step study pattern.,2021-10-07
127,Cain-Singh,"Nature way claim Mr issue through. Rich never political mouth political.
Table fund similar involve. Relate continue action fine visit scene.",2021-06-09
128,"Kelley, Jacobs and Huffman",Although detail media service like generation morning. Treat answer some technology suffer democratic. Eight buy stay consider. His adult base building sound according.,2021-08-01
129,Stevenson-Perkins,Herself decade opportunity push student choice. Top soldier catch across local increase administration. Increase way question they identify bit hot.,2021-06-08
130,Cabrera-Barry,"Pretty yourself wish because something exactly size.
Ten ball leg course imagine attorney about industry. City show can physical. Fight rest add.",2022-10-07
131,Torres PLC,"Real out in central knowledge what stop. President remember practice coach someone support dream. Animal claim concern.
Contain which break summer toward. Relate yard this glass leg standard.",2019-08-26
132,Underwood Inc,"Quality security bag who any call. Behind suddenly market health decision director current behavior.
Involve reflect organization subject. Compare responsibility edge employee time arm.",2023-11-19
133,Heath-Graham,"Now statement end interview ball life new. Buy debate respond scientist how product. Which drive cold maybe.
Blood manage represent city.",2020-10-15
134,King-Hammond,"Plant care eat explain down rule improve. Hot power family little trip.
Draw mention when condition heart before. Thank poor huge report doctor simply.",2021-05-01
135,Baldwin Ltd,"Drug always return hundred always magazine manage. Edge four when kitchen. Theory pressure option tree region affect.
Player agency move ability. Season believe with office fall available.",2023-12-09
136,Pearson LLC,"Arm oil suddenly act four. Build six main well read similar. Beautiful expect modern.
From suddenly much establish. Prove us standard learn. Listen middle after phone.",2020-02-18
137,Hayes Ltd,"If old everybody leg anyone. Quality only a tell.
Standard win adult practice cold detail. Option peace rate suggest image threat respond. Two draw authority father why meeting one. Huge week foot.",2021-04-03
138,Richards-Crawford,Popular choice according skin or have member. Need design during. Station fish store free although service attention else.,2021-01-04
139,Thompson-Price,"Vote over simply. Price although thought.
Child mouth dream paper defense day.
Dog environment while can president member. Beat accept later standard little now record scene.",2023-03-08
140,Stein-Patel,"Western even wish task read crime. Hot again purpose chair one tonight. Half film me perhaps road party door.
Win college debate drive.",2023-10-26
141,"Brown, Ruiz and Ray",Leg how particularly sound our. Inside together protect painting like. Partner laugh nothing. Major standard listen interesting current arm.,2019-06-07
142,Waters Group,Training cost bar series case he wait majority. Seven commercial avoid language first third. Land then artist tell government gun leave against.,2023-01-02
143,Rodgers-Perez,Assume goal traditional add entire various. Exist may foot address voice town. There security size trade sea size.,2021-09-27
144,Harrell-Walters,Hundred happy nothing continue structure. Wait peace outside share. Whether style your.,2023-11-17
145,Rodriguez-Diaz,"Magazine eight size. Next federal born.
Exist most few force oil measure.
Fact foot democratic nice speech out. No exist north computer middle. Traditional require later anything system rather fight.",2023-04-25
146,Williams LLC,"Son eye cause staff able major night. Leg plant see company collection attention play. Class allow field but herself study.
I defense no entire as anyone sure. Business when partner everyone.",2022-11-11
147,"Bell, Rice and Allen","Picture beautiful make any responsibility. Meeting feeling contain energy.
Consider thought soon meeting send. Official baby nothing pattern itself film guess.",2021-04-06
148,"Gordon, Allen and Ryan","Eat wonder during. Place result finally argue.
Along ground town try everything wife. Idea red baby still whether. Current bag to case American onto same catch.",2021-02-01
149,Webster-Torres,"Blood discussion local. Fine Congress imagine these true.
Present free interest treatment coach although. Much significant feeling spring page ever where quite. Where my cause hope grow tell herself.",2019-04-21
150,Lee-Diaz,"Type responsibility could collection artist.
Picture might to doctor per require. Rock religious especially yes drive worker skin wear.",2022-07-05
151,Powell LLC,"Ask later machine say court. Message would doctor military because.
Husband soon city. Hand trade away reveal result development.
Here beyond car stage. Include beautiful why rate reflect almost.",2022-10-27
152,Barton-Thompson,Court minute claim everybody. National development focus particular although environment. Event herself through phone best.,2023-10-23
153,"Blackburn, Taylor and Stein",Dog agreement doctor give. Fall simply yard. Late performance since there morning energy generation.,2022-01-01
154,Mccoy-Becker,High civil from. Story popular others finish fine employee watch turn. Authority than language away win exactly risk.,2022-03-23
155,Miller-Smith,"Huge stuff word value organization. Cause north still understand huge parent opportunity store.
College forget particular work. Southern doctor successful respond remember still candidate.",2020-05-12
156,"Harvey, Barnes and Foley","Be bar back marriage. Until human pick good clear represent.
Star but future brother entire. Together body call involve government large sound. Prepare point behind.",2023-12-27
157,"Sawyer, Wilson and King",Cold newspaper especially site exactly. Late smile lawyer recently special.,2019-07-31
158,"Lee, Morgan and Boyer",Data control treatment test last spring glass source. Fall work exist peace including get sort third. Partner look wrong shoulder government.,2021-03-26
159,Jones-Stevens,"Control notice common you. Goal choice account forget song opportunity. Television prove admit.
Increase with future develop. She television military. Age another produce because listen.",2023-09-28
160,"Butler, Lewis and Conley","Continue several international western. Able fish factor part follow along. Newspaper sit case country relationship see.
Charge success ready consider. Cover bar particularly mind marriage.",2021-03-26
161,"Price, Reed and Durham","Sit officer human. Create note control.
Professional what adult involve. Among thing painting oil. Color same good or hair half.",2023-09-05
162,Hines-Bishop,"Cost between fund service standard measure. Wide son yeah purpose. Development general so meeting side task.
Against care necessary rich life head. World wall idea affect available early three.",2020-01-16
163,"Barrera, Moss and Aguilar","Throughout ok together really sell. Community soldier him despite ago point. Worry campaign commercial language spend six.
Something special benefit. Sea material training and college water.",2023-03-02
164,"Gibson, Perry and Anderson",Red break eat available. Black around performance law radio company support. Relationship great really never mind perhaps us.,2022-07-09
165,Johnson-Reynolds,Each activity catch fish cause. Anyone building word enough kind interesting prevent. Box specific on give use probably. Present often challenge someone onto piece statement country.,2020-05-07
166,Wiley-Roberts,"Full different provide argue skill soon be. Physical well us reflect when.
Remember ago parent where population father. Put policy account woman class determine. Same board describe image.",2024-03-31
167,"Martinez, Smith and Garcia","Four participant see hit. Suffer kid ground theory feeling break. Listen more environmental treat.
Camera product these late opportunity.",2021-09-16
168,"Brown, Barton and Cabrera",Play by leg agency share everything. Even source ground west character Democrat such. World media manager raise value.,2022-09-13
169,"Huang, Higgins and Kelly","Feeling pretty office article conference compare. Management operation Mrs table order different because individual.
Kitchen effect system star a trip. Keep on prove former.",2023-01-29
170,"Goodman, Brown and Cunningham","Smile southern amount source far view point.
Minute society box medical health measure. Return think science store point method.",2022-09-27
171,Patel LLC,"Then there or develop through movement energy. Heavy fire garden range walk.
Lot well case material this push image. Young speak name lay cell.
Another miss yeah expect each door.",2021-07-29
172,Phillips and Sons,"Crime us always toward must reality. Record bill chair away player share. Leader describe play about act old.
House audience try idea defense billion feeling. Standard part analysis wife.",2021-10-24
173,Reyes and Sons,"Study eye show number resource third opportunity. Outside lot both development you sort season.
Father talk early rest. Share change to magazine. Explain total Mrs purpose.",2020-09-18
174,Barnes-Stewart,"Remember hospital others government forward. Spend expert state system deal protect.
Pass billion decide sense avoid begin. Generation guy probably see action series. True win environment force.",2022-05-06
175,"Green, Simpson and Martinez",Feeling skill try law gas establish force. Clearly impact growth always. Public should throw floor maybe decide subject.,2024-03-24
176,Schwartz-Brooks,Citizen away growth phone by expert. Choose sell receive hard class may majority including.,2022-01-24
177,Payne LLC,Sea product growth sea. Either hundred employee yeah country language value. Move finally me either reveal score.,2022-09-22
178,Thompson-Brandt,"Bank term subject mind amount. Mind about into order however stock so.
Town program rather usually.",2019-05-29
179,"Wallace, Hoffman and Hodge","Interesting strong discussion actually air. Of way discussion.
Management sometimes teach smile dinner. High later without seven.",2022-03-09
180,Jensen LLC,Piece result role much. Stop treat require open. Sense thank nor sometimes development onto.,2020-05-05
181,Thornton LLC,"Hard growth important professor. Lawyer her why quality suffer. Large movie friend number ahead give.
Term their sell. Finally class table traditional need.",2023-05-07
182,Thomas Group,"Best home player article. Mother small man pay.
Unit consumer foreign put never friend black policy. Family involve include financial coach. Church moment ever.",2020-10-14
183,Henry-Parker,"Number agreement attorney edge themselves less. Need result us truth seek those. Many commercial future city attack.
Most who human sit born all. Return house friend wide travel.",2023-01-17
184,Long-Patrick,Mouth growth citizen mission. Summer cultural population anyone. Maybe local door my gun.,2021-09-27
185,Nichols-Proctor,"Spend stage name conference various. Staff others story line course glass compare.
Voice much traditional style sense rather range. Ago some page economic always range degree husband.",2022-01-15
186,Sweeney-Alvarez,"Number she him grow. Success near dog easy very to.
Little simply process American computer. Low brother every. Form agency fire new consumer professional writer later.",2020-08-04
187,"Williams, Henderson and Nguyen",Growth agreement such available important fish carry. Most should network hundred. Guess check else change production such institution.,2023-03-03
188,"Ruiz, Shaw and Taylor",Throughout trial effect laugh risk. Eat brother religious we democratic. Federal civil religious water wish.,2023-01-15
189,Cline Inc,Move space cost evidence interesting effort themselves. Plant quite charge bank ground one.,2023-04-26
190,"Flores, Acevedo and Johnson",Radio including conference medical cold. Rule present account feeling station major loss. Seem purpose radio war decade himself level.,2020-08-07
191,Mills Ltd,Interview full major himself. Woman parent between note. Interview alone feel whole throughout including.,2020-01-07
192,Jones-Hill,"Light it doctor adult side trade history. Push of size.
Carry city vote budget child. Popular series beautiful probably. Return here article science attack place cold forget.",2022-12-02
193,Snyder PLC,"May skin another seem.
Trade against need trade we cold eye. Perhaps player indicate. Evidence ago serve heart structure both.",2022-12-18
194,Blake-Reeves,Already actually probably strong benefit friend. Positive institution live truth doctor. Management black security season everything see it sure.,2020-06-13
195,"Vega, Williams and Miller","Finish rate sure. Least eye which if already can very.
Look on television tough pretty memory scientist camera. Political water spring again election real area blue.",2020-09-10
196,"Jackson, Richards and Ochoa","Forward discover movie rich. Some around he never.
If three police wide.
Amount probably account water son tax. Herself few reveal week rich.",2023-01-25
197,Caldwell-Williams,"Interest else man political term debate since. Fish night shoulder way read set. Drug available left always.
Coach attorney kitchen enough so he actually.",2021-12-19
198,"Delgado, Wang and Mcintosh","Ago mind concern if. Start he course herself occur center. Attention account region to.
Hear scientist wife skill house better over. Involve by standard million. Force material cut drive treat go or.",2019-05-15
199,"Wilson, Murray and Martin",Until morning model friend red something. Five why seek suddenly significant second.,2020-01-06
200,Sampson-Atkins,"Measure really could whether the. List television pay describe control action.
Center medical above crime their dream number.",2024-02-06
201,Martin PLC,"Generation through speak drop. Animal field clear can. Eat ability long partner image month.
Deep success past night to part. Church third among get risk. Case nice expect only last play.",2019-07-23
202,"Carpenter, Cooper and Martin",Recent sing nearly nice dinner study. Actually matter item bank reach option until paper. Government image fall character here here job. Deal something attorney near south live.,2020-11-01
203,Harris-Stone,"Assume talk be fact receive either red. Political rate call realize within share help.
Defense choice various value across fly. Lead nothing listen rich fill travel east order.",2021-12-22
204,Humphrey-Adams,Certain candidate player check bring. Guy past create their type resource yet. Same difference happen kind woman.,2019-11-06
205,"Lucas, Cobb and Salas","Consumer evening interest hand in quality ten require.
Politics team must team. Evidence direction instead produce stage head. Thing culture cold method official so meet.",2020-05-23
206,Duran-Davis,"Change draw firm lose. Shake wonder room act bill above away. Next but find check the foreign worry adult.
Week benefit thus that huge east role. Simply down war material challenge fine.",2022-04-13
207,King Ltd,"Machine if coach gas record. Small goal air woman. Nation all ground back.
Picture these admit view stand military. Deal least thing keep concern enjoy tonight.
Social method six.",2020-01-20
208,Harris Group,"Computer oil project guess. Myself specific from and once. Performance wrong season later past else.
Player into who. Upon huge daughter. Hot future challenge firm onto.",2019-11-20
209,Myers-Fisher,General race become. Once away statement measure up. Dream effort member public last toward hundred. Today break walk manager generation.,2021-01-31
210,Wilkins-Richmond,"Good rise single cultural turn turn. Maintain issue instead form stand scientist above.
We there deal debate capital small early. Phone require final event.",2020-07-20
211,"Acevedo, Weaver and Camacho","Discuss once less about suffer surface.
Majority structure positive relate allow system. Professional phone thus minute.",2023-09-23
212,"Bowman, Williams and Moore","Career fund alone system own teach close. Use able region politics feel.
Country establish remember boy company. Put paper eye machine. Value admit thus better move impact whatever.",2023-05-12
213,Bennett-Sparks,Fight according unit explain. They thousand while risk put concern stay relationship. Born certainly social boy easy deal.,2020-09-14
214,Mcgee PLC,"Big rock head total eat. Capital camera account stay trade. Perhaps machine sort record bit into on.
Couple certain teacher truth. National item office world. Cold news space certain early peace.",2020-09-27
215,Clark-Hensley,Consider course never discussion. Discussion per plan debate. Analysis particularly miss discuss. Anything standard concern box.,2022-01-24
216,Porter LLC,Whose company reality treat. Sometimes character member draw thought. Force term ball man agreement on many sure.,2020-02-17
217,Merritt Ltd,"Whom record I your third movement. Affect scientist when American. Month article all modern interesting culture best.
Yet say cultural song anyone because. Ahead daughter good rate father base.",2023-07-11
218,Lee-Mccall,Marriage mission protect bar gun yes low. Lay full with happen general. Anything per parent sister attention.,2020-11-26
219,Mcmillan-Perez,"Six bag great owner same wear. Black apply cell note thing how follow.
Health be alone shake trip find. Research bring account chair. About wrong than reduce pull official maybe whether.",2022-11-05
220,"Wall, Cox and Torres",Discussion protect child effort. Great threat source building bank hour. Finally bring commercial wide rather.,2021-11-29
221,"Sherman, Calhoun and Taylor","End culture worker plan. Nor feel worry spring such movement push understand.
Who model threat remember during. Stand example side close.",2023-03-29
222,Orozco-Graham,Five with rise. Expect always material question establish about about. Focus environment especially either lead.,2021-10-20
223,Hicks-Williams,No necessary next mouth night nation free. Various must together effect child important century. Parent third also senior civil thought. Simply four box.,2019-12-03
224,"Rodriguez, Edwards and Weaver",Analysis effect light wide small up anything. Environmental then or ready work. Class significant skin gun.,2021-09-15
225,"Jones, Knight and Anderson","Add short director theory unit resource. Official leader notice discussion father. Spring person chance loss.
Have hundred choice. Others authority hold even.",2023-07-01
226,Chen-Mclaughlin,Beyond range carry rise over take more. Choose big room religious particularly those trade family. Parent collection bar attention.,2021-03-02
227,Davis PLC,"Defense join of professor produce according yet physical.
Design in line. Somebody speech represent condition response.",2021-09-11
228,Fischer-Aguilar,"Two who effect position test remember range. Say we something method. Pattern quite town wonder more herself.
Paper use similar fly term during identify. Show activity not real senior magazine local.",2021-11-30
229,Mitchell Inc,"Class writer how add hundred floor road. Deep bank dinner candidate choose. However every stock sure west trade agreement.
Foreign almost beat. Treat choose happy improve yard defense admit.",2023-02-06
230,Phillips Group,"Here economic garden allow other speech speak hold. Training suffer significant into program.
Become better trial. Individual yet serious star really reach and.
Early none various.",2021-05-06
231,"Roy, Myers and Banks","Morning affect decide measure especially. Big when teach more.
Any decide subject seek try speech. Listen pretty activity usually hotel. Two media these job.",2020-07-09
232,"Barr, Gregory and King","Second ball fish seven. Better purpose let behind purpose.
Little almost most message conference word. Prevent table quite serve field base.",2022-11-21
233,Hernandez PLC,"Oil produce myself. This effect a.
However building left produce hair continue. Wish four all officer final official dream.",2022-07-21
234,Spence Inc,"Doctor could similar decision site. In financial throw range fear piece station. Still into gas activity candidate inside help myself.
Small strategy up. Investment its goal receive.",2023-04-24
235,"Dean, Washington and Perkins",Offer everybody education account. Also information face medical father free. Draw where shake feel admit decision.,2024-02-19
236,Clark LLC,"Contain door world apply security thus financial. Especially change difficult. Environmental work discover direction word money.
Before decade rate. Situation appear walk list.",2023-07-01
237,Stephens LLC,"Step wonder actually tax somebody example sort. Significant evening all sing expert prove.
State measure news test serious popular state. Government fund majority knowledge.",2022-02-05
238,Lewis-Watkins,"Effort capital five. Discussion usually girl kind Mrs piece entire.
Lawyer cell detail game. Line bit another production likely part sign. Manager series own.",2019-07-22
239,Holt-Powell,Term property those a. Game letter American close.,2021-02-14
240,Thomas-Gallagher,"Analysis exactly benefit record turn home though drive. Run even baby still side five knowledge really.
Second summer wrong budget. Able none late record trade nearly. Task environmental common body.",2020-02-16
241,Pineda-Bautista,Discover sound sign these party south citizen. Democrat factor different particular song describe.,2020-07-21
242,Edwards and Sons,"Individual so well wonder once environment. Worry candidate top. Mouth Congress money since indeed material.
Yard action point build. Board myself resource have now.",2020-02-06
243,Esparza-Scott,Finish benefit box evidence benefit finally away boy. Politics recent me employee direction candidate news. Whom industry test common if hold remember candidate.,2021-02-11
244,Black and Sons,History measure kind born set organization than. Top family quality trip. School prepare again suddenly run old gun.,2022-05-10
245,Wright PLC,Like report project property. Really money enjoy even. Record painting why visit.,2020-04-01
246,Jackson-Zamora,Book serve hope floor dinner authority thus vote. Discover last American.,2021-06-24
247,"Bender, Davis and Robinson",Bag just scientist remember general. Grow eye end Congress become letter never.,2023-01-23
248,Wilson PLC,"Three produce ever increase the admit. Over north exist man better.
Face everything accept fill task surface once. Course lot part would research.",2021-08-27
249,Price LLC,"Body drug whether candidate list military. Threat another southern fact service. Apply check five must yeah.
Success that enter expert. System fine wind suffer early father.",2020-12-09
250,Shannon-Johnson,"Sometimes inside film speech room government. Interesting myself several specific new.
Some kind religious dog challenge commercial. Wait charge choice learn summer respond.",2019-10-28
251,"Hill, Underwood and Nelson",Type base push turn positive nothing stage. Food ball wish call sound road discuss. Purpose goal training modern sure. Happy page approach.,2023-03-13
252,Coleman-Martinez,Outside citizen million care protect him chair. Support individual pull factor crime goal. Forget parent occur evening clear.,2022-08-01
253,Henson Group,"Morning institution election traditional. Break out worry year culture use.
Score paper main concern. Spring thus far drop between. Star while start land.",2023-12-19
254,Pacheco-Lamb,"Play feeling return end skin power.
Fight late best whether however mention. Suddenly Mr game life not baby important.",2023-04-10
255,Hall PLC,At enter gas amount although technology rise treatment. Newspaper professional similar live attorney. Hospital among our far.,2024-03-30
256,Nguyen-Mitchell,"Piece show ever. Particularly six fire Mr.
Reduce smile best daughter blue including together. Tv service kitchen pick five wait.",2023-04-01
257,"Willis, Johnson and Graham",Window boy nothing yes go. Relate only there sure image answer. Issue cultural adult. Mouth shake develop season reflect or yet.,2022-05-16
258,Carroll and Sons,"Must glass per popular or past hour.
Realize apply your second. Assume young do hold up full rather experience.",2022-04-08
259,Ramirez Ltd,"Pay way program Republican. Project that much. Billion pull much heavy.
Property artist finish particularly woman.",2021-07-03
260,Mendoza-Jordan,"Drug future sport system sell blood pretty. Ground able record note upon subject. Close worry mention medical nation three especially establish.
Tell lot process.",2023-02-01
261,Adams-Nunez,Because process my same. Husband believe from area night. Consider discussion fund yet. Manager myself base draw parent style.,2023-03-10
262,"Brewer, Lewis and Osborn",Subject glass pressure growth. Mrs yeah either popular. Nature parent maintain go.,2023-05-12
263,Cole-Simon,"Word husband live serious simply. Medical new woman individual full.
Financial last various because defense. Significant as structure commercial present pay. Down short check deep than.",2021-04-09
264,Jackson Ltd,"Thing culture artist night.
Through bad reveal firm. Ago traditional hot unit ago international.
Must set structure whom. Office whatever president friend live. Nation own that region.",2022-04-06
265,Bridges-Mcdonald,"Teacher capital do actually natural hard. Side order us great fill.
Relate agent capital two son yet.",2021-05-08
266,Miles-Williams,"Ten claim time must. Walk source without religious least.
Its civil statement hundred almost hand. Window explain study everyone. Hospital when peace theory.",2024-02-18
267,"Mann, Dorsey and Burnett","Lawyer door computer whose major. Treat less money control near. Physical stage me sometimes offer research firm.
Attorney stage soldier debate new. Seek music choose dinner share policy.",2019-11-19
268,"Lynch, Johnson and Bailey","Certain professor billion. Little special small site.
Perhaps build difficult high walk large. Others wait research cell.
Provide say know reveal to. Fact fire other. Reveal ok add nature view.",2023-11-23
269,Silva Ltd,Region write once group response owner. Modern to decide place. Discuss expert expect morning trip question.,2021-04-21
270,Peters-Lopez,"Movie animal social. Carry prevent different gas produce conference raise this.
Feel improve situation low range century. Anyone development pull employee. Show impact event story create.",2023-07-29
271,Griffin-Alexander,Senior happy price together need future. Foot play against than let. Leave future amount plant style development should energy.,2020-11-27
272,Blair-Moore,It despite world between fine friend. Avoid culture artist father result call clearly end. However purpose consider range happy north.,2023-10-29
273,Cooper-Moon,Style full a off anything. Agree anyone cause kitchen environmental yeah. Country view beyond skill decide in cultural.,2021-08-16
274,"Farmer, Barry and Lee","Response half night single religious fight week. Amount man purpose amount do.
Need land do. Person per budget. History vote his about control story group certainly.",2019-10-29
275,Adams and Sons,"Structure article senior star. Between physical well a into dog.
Knowledge common art election phone fact one. Office mean or need.",2023-05-16
276,"Stone, Collier and Fisher","Long church first century teacher fish clearly. Child exactly make agent information hand.
Example change most area thought little everything. Dog marriage one our.",2023-01-24
277,Skinner-Lynch,"Democrat history either partner year street. Day miss appear yard reach easy.
Human name feeling situation peace type. Vote lot to all. Citizen thought mention in.",2020-10-01
278,Hicks and Sons,"Budget attorney lawyer surface face pass seem claim. Firm for fly.
Close modern life own anything. Him second sport effort.",2021-04-23
279,Becker and Sons,A save yet yard same. Chance manage experience suddenly. Down travel listen energy around. Catch individual reveal institution fact spend contain investment.,2023-05-19
280,Jones-Spencer,"Center avoid indeed detail. Race whose couple kind ok throughout personal.
Community sister agent nice price manager meeting. Skill success if area spring. Debate already place.",2023-09-04
281,"Craig, Bolton and Mcguire","Fight rather old likely order I. Newspaper personal lead product.
Know great machine election. Yes rule their avoid. Evidence any scientist describe less seat beyond station.",2021-01-09
282,Brown PLC,"They figure officer great suggest. Organization huge behavior sport.
Health energy only war grow space spring result. Will policy send people sell do concern. Material nor network I must go.",2022-06-13
283,Robinson-Dunlap,"Behavior price administration kitchen far long. Reveal purpose stock pressure live figure modern brother.
Top child popular tree high. Stock gun camera wait level.",2020-08-17
284,"Rivers, Reynolds and Simpson","Himself movement eight example. Whether spend find.
Size wide minute firm treatment all easy. Million mouth party class right. Ready in word learn. Both necessary ability.",2020-06-15
285,Robertson-Baker,Add try reason education care. Including option person window. Beautiful no compare together develop doctor.,2023-05-28
286,Olson-Jones,Together far deal support throughout. Respond green region nearly three really value. Party decision develop director.,2023-12-25
287,Cochran-Fowler,"Result though admit campaign. Exist affect rich present.
Before give report full evidence soon when.
Organization enter serve heart network design team. West require sister issue.",2024-02-21
288,Nelson-Cruz,"Without room realize benefit country turn. Reason general partner these eye. Arm charge do true hand happy little never.
Realize parent southern painting. Technology institution election morning.",2022-11-24
289,Johnson-Chan,Follow among treatment town compare. Receive term still which out weight part nature. System edge away phone around put performance.,2023-11-15
290,Mann Group,Six off always whose analysis would statement art. Prepare develop teach class raise guy. Ever situation open country term sort.,2020-12-24
291,Miller-Lewis,"Into yet argue next. Second voice real.
Toward claim model someone how fast leave. Trial see number.
Author where parent rule.
Tell single follow enough region result authority.",2023-10-25
292,King-Mitchell,"Newspaper bag third present represent event notice. Camera as coach.
Magazine produce miss father role from modern. Treatment product computer prevent issue prevent free.",2024-01-27
293,Moses-Robertson,"Back ago simple material south and. Place add than structure this. Future structure on hit term concern.
Stay officer happen civil. Compare pay may.
School must lot. Ok notice away.",2021-11-25
294,Turner-Flowers,"Off contain back population military long dark. Full around tax top.
Suddenly free leave. Parent little occur positive when.
Explain fund organization report billion. Across we true serious rate.",2019-06-17
295,"Hunter, Clark and Powell",Anyone food impact guess. Admit interesting partner. Section throughout happy develop coach whatever much.,2020-03-11
296,"Allen, Cross and Edwards",Between key onto develop off. Rate let rise effort.,2021-08-31
297,Scott-Adams,Into participant avoid each future affect. Ball maintain record onto early room. Candidate despite structure writer another top bar open.,2020-04-29
298,Guerrero and Sons,Still option office all. Near material small involve. Night understand chance against during piece from.,2023-02-09
299,"Walsh, Weaver and Farley",Lay score attack outside exist. Add manage environment range several become. Fish figure list southern.,2021-05-28
300,Moore-Johnson,"Impact record high matter let. Understand find message financial.
Free size live police car. Force form modern surface agency.",2022-07-09
301,"Jacobs, Lopez and Moore",Nothing general computer face wonder program. Century student kid join.,2021-04-08
302,Barker-Ortiz,"Kitchen store nor. Discuss edge join. Away cold serve adult address doctor.
Reflect community it weight lay. Reveal truth field expect contain look truth set.",2019-05-13
303,"Martinez, Moses and Vargas",Old have light break either cost glass. Visit majority pass final play particularly perform.,2020-03-17
304,"Davis, Rodriguez and Baker","Quality carry oil wrong. Difference by six staff. President college management degree. Several include across ability public exist.
Change eat most no manager fall four. Gas positive prove.",2019-10-22
305,"Schmidt, Lopez and Richardson",Those commercial course buy western night. Morning find several travel allow ground. Student board describe action evening single.,2019-07-19
306,Carney-Fisher,Fire attention research cut matter everybody senior example. Onto PM rest after old realize. Goal order language.,2022-03-04
307,Lawson and Sons,"Remain team suffer figure. State modern someone enough. Themselves big word nor.
Animal moment certainly character. Until herself activity suggest ok family capital crime.",2019-10-09
308,Jackson Inc,Everyone ok season generation activity general. Miss still nature maybe.,2024-02-17
309,"Cooper, Lane and Villa","Piece design send party if leader. Summer develop movie reduce my two skin.
Student type day effect game particularly year. Answer act itself yeah matter. Where yet interest where.",2020-12-23
310,Johnson Inc,"Serve science wife. Range much summer two her information. Idea skin thus food just prevent.
Discover financial base daughter. Stop of think good. Teach adult management control crime data simple.",2019-08-16
311,Hansen and Sons,Attention whatever base year senior culture special every. Many pretty better agency site fly. Point the wait sport ready stay.,2020-05-04
312,"Kirk, Hernandez and Sellers","Because catch sign us him realize decision. Dinner long wear chance more product citizen with. Risk east week central kid pull.
Future night some describe career. Bill become site name week.",2021-06-10
313,"Sanchez, Jones and Russell","Strategy support trial black reduce. Nor agree ten very note people trade.
Imagine mind responsibility other form fish vote. Stop western technology meet test minute.",2020-06-11
314,Moore LLC,"Send land financial range. Modern spring see nearly result everyone.
Picture guy guy drop attack Mrs note car. Professional magazine where way magazine.",2023-03-30
315,Leonard-Reilly,"Smile sign huge then ability. My recent close state. Treat chance moment environment leader through.
Improve necessary result one factor up use. Decide local benefit work state husband.",2021-08-23
316,"Powell, Chavez and Quinn",Sport owner easy and. Choose cold tax treat.,2022-06-21
317,Lopez-Hansen,"Data avoid four story race camera. Often trouble alone morning.
Long provide also if event. Ready spend issue sound respond least south. Modern save explain and develop performance thought.",2019-10-19
318,"Davidson, Pierce and Miranda","Article nearly thank not body. Condition just national soldier majority.
Financial term yourself old. Such cause investment explain. Young stock consumer. Interesting receive add quickly.",2023-02-26
319,Davenport and Sons,Under bed leader together claim plan might. Prevent military create movie.,2022-11-15
320,"Owens, Ramos and Johnson","Cover game strong open center. Hair bed director interesting employee southern. Federal within inside west spring.
Per ahead interview laugh reason. Go light control have.",2019-04-17
321,"Stewart, Myers and Diaz","Have car kind physical standard. System movement rich pull both.
Person guy financial stop church truth. Practice suggest result subject should on large painting. Direction technology matter.",2023-04-15
322,Watts Ltd,"Baby book enter take. Television history nor Republican year scene.
Industry ground meet there focus. Add rise some onto person like.",2021-03-18
323,"Thompson, Moreno and Rosario","Speech realize father behind customer dark likely. Rest so good difficult hand feel civil.
Billion because exist series.",2022-06-26
324,Pratt PLC,"Get full space cold else. Beautiful artist view main rather.
Talk ok politics image charge service study. Only option fine policy decision. Yes explain like study room still.",2023-11-03
325,Burch Group,"Star single remain billion guess clearly want. Food whether method cause.
Raise few deal very. Share stay lay light number certainly. Yes girl challenge executive.",2021-12-08
326,Peterson and Sons,Again traditional about. Because staff member most feeling activity stay. Exist production long significant central.,2021-12-10
327,Andrade Ltd,Take fly create blue safe treat. Million medical gas onto certainly. Toward bill house artist church mention. Issue ball police bed give health positive make.,2022-01-13
328,Moore-Trevino,Join leg main thus enjoy peace. Own any machine tough fine describe space sell. Data training break allow west hospital.,2023-12-14
329,"Williams, Smith and Thomas",Think strong win feel daughter notice blood certainly. Field affect fish all environment. Message I my. Goal industry room view accept.,2021-05-08
330,"Jenkins, Baker and Fuentes",Measure itself happen four meeting sign on. Pretty watch baby late provide you house. School media clear expect treat.,2022-12-14
331,Kelley-Martinez,"Smile fight avoid security have performance author. Keep sort collection service health most.
Movie degree chair war meeting nearly. Reflect address protect care.",2020-01-17
332,Wang Inc,Style especially by leave around state teach measure. Edge commercial never whether officer majority. Key less suffer item civil live staff other.,2020-08-18
333,"King, Martinez and Smith",Different city else score summer life president we. Security fight consider drug. Right list year available prevent become.,2019-07-06
334,Moore Inc,"Bed skin ball western. Nice she list side painting American animal.
It common any none. Body generation hard a.",2023-01-19
335,Jensen Ltd,Everyone sit stop place eye. It control where certain effort main south. Necessary since rule nation picture second.,2022-09-15
336,"Price, Perry and Burton","Part strategy sea church.
Enter appear bed. Memory create nice tough.
Class top event modern mouth wear sing. Other list animal drug end. Price music early those.",2021-10-08
337,Haney Group,Behavior above perform they pattern hope. Nature window peace probably. Base industry face.,2022-11-06
338,Chen Ltd,"Down amount trip current poor game south. Would attention team street animal almost. Store share week.
Manage listen lay create risk. Almost difficult actually check argue development drug.",2023-09-05
339,Harvey and Sons,"Offer film politics participant particular statement begin. Good a two about few. Spend form recent already mention run.
Various but happy business happen each. Well record we where.",2020-10-13
340,"Walker, Hughes and Lowe","Player senior picture ten. Language less say worry region environment.
Eye they necessary exactly education politics consider speak.",2020-11-11
341,"Gray, Brown and Park","Friend thousand sit common next interesting drive ability. Soldier break or behavior.
Toward accept step rest fast. Magazine issue college.",2020-05-09
342,Phelps PLC,"Task wind food song get trial million expert. Simple already blood phone.
Deal kid skill morning police. Question practice his lot. Decade music big keep early check.",2022-10-07
343,Hernandez-Powell,"Teach mother spring itself whose serve research. Each eat yet news middle course middle sing.
Take citizen assume. After can note sister white window lot board.",2023-04-16
344,"Pruitt, Brown and Davis","Through fight city sound lead beautiful. Ever leave he son science. Leave dinner difference push suffer.
Thought they hour grow cut energy do. Voice opportunity end strategy ever.",2020-01-22
345,Potter Inc,"Gas majority agent. Story president business theory man car.
House environmental put body important realize main. Early color beautiful into television owner. Best on military time.",2020-12-08
346,Knight Group,"Hour throw determine area weight matter middle. Effort onto it apply during nearly.
Trade house month try someone. Seat success reason ability sort factor leader. Picture top argue worry.",2020-11-20
347,Donovan and Sons,Summer draw price sense head voice. Life guess lay conference single worker. Scene pull reflect moment capital white all.,2021-09-03
348,Wong and Sons,Pretty concern big. Church field we upon head although memory. Plan recognize country finish anything process late pattern. Miss might those real score after more her.,2020-11-21
349,"Pierce, Ray and Green",Cultural son when current. Authority return free pretty note sit their. Major wonder myself nor technology past condition consider.,2020-09-06
350,"Contreras, Hughes and Powers",Try operation development soldier threat.,2020-09-26
351,Oliver and Sons,"Green another rich level again again. Three boy challenge. Election grow compare family. Structure rule its card member letter within.
Power social daughter magazine. Sport ahead lead skill clear.",2023-05-29
352,Drake-Ryan,Apply politics black idea majority dream nor. Central place themselves moment music.,2022-03-08
353,Green LLC,Deep describe nation reveal. Religious else meet many practice place job. Team once white. Image music everyone trial remain share for.,2021-10-28
354,Morgan Inc,Analysis task easy family. Feeling politics drive hear account question health. Inside heart after. Class test heavy born generation.,2019-07-11
355,"Lawrence, Barber and Adams","Road on middle test because product. Myself old suddenly. Control audience could daughter hot open.
Than these card dog task. Development term onto how individual. Tonight mother boy set page indeed.",2020-11-30
356,Miller Ltd,"Trouble face kid movement lose.
Ever suffer there start marriage out. Article choose song charge politics him age. Deal recent option.",2022-09-11
357,Matthews Inc,"Buy research action product important total. New we total success environmental.
Question over concern next seek huge real. Mr type know start room political throw which.",2021-10-21
358,Patterson-Duran,"Practice born author true seek. Old so shoulder cold under program listen. Computer risk consider work.
Let people throughout direction apply.",2022-05-16
359,Murillo LLC,Since organization challenge reality above political reason. Figure trip sense make serious.,2023-07-22
360,"Evans, Martin and Boone","Six notice part court body. Wait accept tax power hit.
Call executive should when off use college. Economic very you event brother.",2020-04-29
361,"Diaz, Sullivan and Thomas","Two make represent opportunity. West modern personal example stop total.
Ability avoid low baby. Light continue either.
Outside oil stand. Summer memory radio. Development also behind environment.",2020-01-14
362,Perez-Lawrence,"Debate final media range most lawyer price.
Return trip foreign. Herself worry significant toward during.
Pattern agent ten name wide perhaps executive. Seat stay suggest. Among model measure.",2020-01-04
363,Yu-Sellers,Fish resource unit short coach green interview. Explain character cup hard shake note. Big such charge reach prevent.,2021-12-14
364,"Lewis, Miller and Delacruz",Start partner wide receive because despite thing. Including girl involve recognize economy it guy. Light mind have make something industry material stand.,2021-04-14
365,"Smith, Pearson and Ross","Main life popular. Deal prepare truth future hope prove.
Whether sit agreement something method Republican Democrat. Prevent reason age home very community. Relationship customer along very remain.",2022-11-10
366,Luna PLC,Management crime adult tonight act tough despite. Central fly return green him. Black stand heavy natural region response field.,2021-07-29
367,Hernandez Group,"Base policy office learn discuss score along. Interest suffer decide life cover minute face view.
Song loss final song. Resource risk after successful near end tree turn.",2019-10-03
368,Hensley and Sons,"Else piece shoulder team him or.
Road on remain break seven kind stay. Thousand store only pull media choice. Fly visit them term town.",2022-06-04
369,"Jensen, Taylor and Leonard",She window over management she sport nice life. Better seek run. Light attention it knowledge.,2022-05-16
370,Carpenter-Wall,"Mind feel possible star. Hand Congress career order. Which professor may themselves cause sea market any.
Politics score war against finish read two. Drug feeling give third pass.",2020-06-21
371,"Shepard, Brewer and Murphy","More knowledge themselves. Money man citizen.
Several idea subject dream. Family available security new positive. Skin how leader economy. Here lead strategy both occur against how watch.",2020-12-21
372,"Smith, Newman and Myers",Decide artist about middle use main. Whole treat per fall.,2024-01-10
373,Calderon-Osborne,"Boy relate weight western. Mention baby responsibility century for yes game. Letter include story surface agency describe.
I education little many. Game single after.",2020-10-17
374,"Young, Perez and Hall","Forward reduce later take identify matter yes spring. Character well possible customer material finish admit.
Management like follow. Popular article probably standard rise catch already.",2023-01-28
375,Hernandez LLC,"Avoid bank themselves draw oil seem after. May apply almost thus research wear.
Sign instead discover guy. Turn suffer idea than. Animal food deep year teach nor decision.",2019-12-29
376,"Moore, Garrett and Mcbride",Best hundred child traditional ground. Born go agreement mother general huge.,2021-02-18
377,Scott Ltd,"Win your teach fly story.
Resource long save. Friend until financial local increase land. That staff recent pick argue tend scene.
East standard owner.
Position result plant later.",2022-10-22
378,"Lee, Alvarez and Scott",Who dark reach knowledge through something charge enter. Discussion beautiful upon performance crime woman prove.,2019-07-23
379,"Mccarthy, Krueger and Harris",Local data health lawyer yeah executive player. Suffer hope choose medical everything structure inside form. Manage stock direction position physical guy ready.,2020-02-13
380,May-Hickman,Hit its them light beat attorney. Way teacher simple open visit nice.,2020-05-23
381,Morrison Ltd,Deep pick real through fly drug. Control beyond different affect seven win every.,2019-06-07
382,Richardson-Butler,"Mrs tax college against realize consumer. Parent some relate guy nice professional say.
Including woman employee player term. Wish design generation join heart while project. Tough hold seek force.",2022-10-25
383,Hughes PLC,"Decide sense when similar source window wonder. Because person picture detail interview budget level.
Speech recently man else language change let. Describe close letter.",2020-08-12
384,"Shaw, Brown and White","Staff present marriage.
Parent they among mind. Far base dream particular maybe who. Medical require beyond computer. Before want tree young business official police.
No road camera center light.",2020-03-08
385,Hobbs and Sons,"Often thought player care. Four coach mind product present.
Drug when own soon American fall worker. Audience effort weight thousand task sometimes. History baby discover dog later edge.",2021-06-14
386,"Shaw, Watson and Castillo","Example age product. Than crime treat change serious visit.
After year case drive oil letter. Able single clear author leave.
Provide natural beat. Foot natural recently middle.",2022-09-12
387,"Casey, Olson and Molina","Half west Mrs small light serve position relate. Person before data tree. Career cause sign test war rule others.
Push red buy. Team down certain within. Series floor able pay. So final trade.",2020-11-11
388,Martin and Sons,"Friend friend how. Rock have perhaps power.
Worry point next nothing. Bill industry dark station want mouth. Break expect morning scene structure everyone mind.",2020-08-10
389,Cruz-Flores,"Respond student conference consider avoid. Prepare drive career organization interest individual police paper. Whom citizen modern popular hand.
Short consider today.",2021-01-28
390,Medina-Morales,"Single particular throughout. Manage beautiful position finish miss heavy check.
Prepare participant again story.",2022-07-13
391,Nelson Inc,Trouble his two car billion. East three rate own threat skill major. Choose treatment certainly big evidence appear always process.,2020-01-31
392,Beck Ltd,We meet station along. Something specific reach close grow event attorney. Him issue run least indicate manager.,2021-11-08
393,Washington and Sons,"Ability him decade wonder standard every course. Piece among town me former. Strategy this newspaper really.
Positive tough turn present region. Any clear now fish.",2021-08-30
394,Mitchell and Sons,"Wrong member produce room cut energy economy. Pressure call suddenly.
Admit politics authority. Eat behavior through issue.",2021-03-12
395,Mcdaniel-Hill,Main quickly name wind across matter side. Industry above degree down. Community save fine oil.,2023-05-13
396,Garza LLC,"Tell year both always expect. Sure city like.
Budget as food. Performance energy deep pretty attack. Painting discover consumer.
Collection into radio. Loss data although through national provide.",2022-01-09
397,"Parsons, Vaughn and Flores","Future their involve own model the. Final forget budget over bit early enough.
Sure ago late sign apply. Black available task understand upon ok though. Movement analysis service kitchen.",2022-05-15
398,Pope PLC,"Population certain toward plan assume foreign modern. Me agree maintain. Into sea middle so spend serious figure.
Summer people picture. Idea foot shake dinner project such.",2022-01-24
399,"Watkins, Robinson and Briggs","Arm research dog partner seem. Fly girl fire environmental.
Mission also recent listen place. Rock production word pull able stand. Term over town special.",2022-08-22
400,"Anderson, Evans and Schmidt","Drive low nearly anyone treat have hear. Whatever animal indicate.
Toward someone mention market building foreign business strategy. Road because return movement cold state oil.",2023-11-03
401,Ross-Higgins,"Learn green read today. Eat most arrive explain.
Support what tend interest his shoulder care. Our policy two any political more let.",2022-07-20
402,Montgomery LLC,"Response man human threat pull food. Student sound father.
Memory rule difference up civil go past. Back government make laugh ready wall baby it. Only public bit number.",2022-02-06
403,Cox-Jackson,"Kid building first environment. Address sort system month claim feel more similar.
Without administration go ask. Until job film opportunity realize attention certain source.",2019-12-25
404,"Morris, Brewer and Walker",Most see development risk. Strong network leader raise receive its. Last peace quality measure social television mind.,2021-02-15
405,Pratt-Garcia,"Reason life true realize. Mother although vote run.
Cold should type. Business message surface major.",2022-06-09
406,Sparks Group,"Bank this newspaper seat. Indicate course nearly. Today book however.
Tend new degree citizen send wife. Section letter Mr notice. Reduce rise want probably account step.",2020-05-25
407,"Contreras, Henry and Williams",Open down fight enough and similar even. Section suddenly past sea environment building kitchen. Western hope often drug throughout table very great.,2021-04-30
408,Donovan-Yoder,"Event success have Congress though. Congress friend name natural detail technology down.
Sit baby actually police six bank ability. Affect child organization mouth.",2020-06-04
409,Khan-Quinn,"Manager list detail home. At poor add action. Enjoy poor green establish water majority.
Woman word group market PM chance notice. Suggest require despite player.",2023-08-29
410,"Castro, Garcia and Douglas","During party sort nor newspaper sort. Rich today wait fish. Good up ever smile defense include style.
Field glass per range back body. Include street action wrong role view.",2019-05-21
411,"Cox, Paul and Mckenzie","Stop probably leader fact.
Night daughter boy our glass myself. Area fire situation teacher TV writer. Into official executive enter close.",2020-02-03
412,Mendoza-Smith,"Stop worker until along staff TV whether. Wife world scientist ago threat trade.
Prevent former issue foreign hear race mission. Stay cup conference. Sea move force modern mention career.",2021-02-26
413,"Christian, Hernandez and Campbell",Magazine sport which third serious interesting kind. Family spend husband all process break doctor strategy. Authority manage general inside push decade forget.,2022-08-15
414,Ramirez-Rasmussen,Class human realize reason may threat type. Local yard eight against moment. Provide long certain at.,2020-03-16
415,"Perry, Smith and King",Various civil fill appear. Space local lay manager issue voice now.,2021-05-01
416,Gibson-Clarke,"Provide resource decision full happy never. Group world letter want care provide. Fast stock if.
Trade trade land fine my baby road. Later close culture rate take agreement.",2022-01-09
417,"Morris, Meyers and Cannon","Bar respond entire sit team respond director. Walk much maintain consider garden. Today every every detail operation politics between.
Down leg them quickly race. Various perhaps word success glass.",2023-11-09
418,Wilson-James,Ground room one low he guy. Lawyer fear size.,2023-05-05
419,Smith-Weber,"Rate front probably. Teach member arm give. Marriage five office administration whether push.
Natural five interesting third glass. Eat two color another article week thus.",2023-05-05
420,"Cox, Henderson and Arnold",Student almost magazine federal. Few capital state cost until. Front military far school any make animal.,2022-07-15
421,Stone and Sons,Rich through rate miss process employee. Charge couple cost involve every base big culture. Trip huge region someone not top.,2022-05-08
422,Nelson LLC,"Game set word occur power technology state. Rise style scene its this everything play.
Sometimes impact network that national. Huge dinner thousand. Budget true institution right young level.",2023-09-20
423,"Mathews, Martinez and Smith","Keep every receive style. Finish dark yeah stock unit over.
Child indeed room protect respond.
Politics teach dream travel stop appear. Letter represent enjoy.",2020-01-16
424,Carter-Kent,"Scientist rule media. Boy fill market southern thus.
Nice part him board drug common board. Need remember that fund cold training.
Century yeah eight chance consumer house.",2021-11-19
425,"Barber, Espinoza and Parsons","Research debate member become training. Bad dog still change heavy represent.
Start experience modern theory. Fact will husband allow from some rather.",2022-01-11
426,"Koch, Weber and Morales","Project lose nothing night. Both try else. Style indeed or report major.
Group tonight enter message create.
Woman effect money ask range however.
Moment three fight music. Gas wide central son.",2020-11-30
427,Williams-Johnson,Candidate image often for order account. Explain ask particular hope century field south. Try tonight ask free skill. Despite chance either several.,2022-01-18
428,Thompson Inc,"Identify despite record why whatever necessary standard grow. Performance strategy make task win school.
Event indeed effort line design while indeed.",2022-11-16
429,Hill and Sons,"Popular mind sometimes health. Air oil avoid assume realize support hear.
Store game especially cut various. Ten huge agency trade marriage enjoy grow. Chance low follow involve choose above.",2019-05-07
430,Smith-Morgan,"Return all will black eye. Understand nearly medical concern imagine explain. Minute right trouble rule tend experience like. Money type least nice.
Factor time long. Detail suggest campaign several.",2022-12-14
431,Davis-Park,"Scene better treat see. West boy law prepare control how fine use. Focus course history.
Serve none draw population house. Tend story interest anything.",2021-09-04
432,Mcgrath Ltd,State human specific man guy research. Learn note market fall suffer will through. Religious third enjoy population. Computer born add brother green wear effect.,2023-02-21
433,"Shelton, Taylor and Martin","Begin senior week through senior small so west. Page down seven necessary kind answer north.
Yeah story certainly discussion. Lawyer through meet quality mean dream worry.",2022-02-09
434,Paul-Gomez,"Style southern risk charge unit reflect her. Indicate fact possible. Because soldier country hotel by.
Fight instead several wear why community.",2020-10-31
435,Moreno-Davis,Another amount feel season kid window operation thought. Personal thus lawyer professional ten. Increase soon yes half item.,2020-10-29
436,"Stewart, Bean and Brown",Out wish decision partner buy above all threat. Face key once instead. Understand democratic food hot section. Night than order dark.,2022-03-21
437,Wilson-Clark,"Value easy high prevent skin. Plant fact approach tend.
Week officer response security sure measure watch. Generation laugh ever water same his.",2022-04-07
438,Smith-Frank,Weight others most return east. Fact big contain seat its. Attorney usually every might including product wonder various. Interesting hope able present public modern.,2022-04-21
439,"Burns, Smith and Holder",Stay several without grow early lose produce here. Assume even author sense company foreign. Machine some standard factor memory success remain everybody.,2021-04-03
440,"Daniels, Pope and Benton","Avoid Mrs policy theory him leg.
Tough difficult sea rather after and me prepare. Goal if former voice.",2020-11-26
441,"Hudson, Miller and Jensen","Agent have work ago him financial. Drug least add history fear.
Admit appear car management state maybe defense. Various large its site through write father.",2023-07-10
442,Fields Ltd,"Loss likely mind lawyer expert Mr. Newspaper event sing get.
Prepare would color camera. These window another. Very myself listen body animal can training. Rest answer door buy likely son chance.",2022-09-20
443,Church PLC,Dinner contain us technology he check song answer. View deep low. Movement man increase usually class capital.,2019-06-15
444,Murray PLC,Want maintain soldier early democratic. Produce Republican choice. Million speak yes seek relate why.,2022-07-28
445,Myers-Wolf,Policy while true special want. Expert heavy factor become look Congress. Travel station head professor store across effort.,2020-03-18
446,Boyd-Campos,"Dog force change simply note. How animal here teacher move protect. Say four size despite.
Good food husband simply imagine ability tell data. Else inside oil place thing indicate pattern.",2020-04-28
447,Simpson and Sons,"Large start nothing product line focus raise. Listen court list sport war. Card meeting begin.
Successful case assume.
Half develop mind six would wind point. Have medical look once discussion table.",2020-02-13
448,Roth-Walsh,"Doctor condition music size. Return dinner movie everyone leg.
Time indeed check meet record treat. Catch mother music myself right. Edge interest statement floor yourself participant.",2022-08-18
449,Murray-Anderson,"Reason class positive follow force whether wife despite. Executive relate local trouble political inside.
Moment pattern thousand. Parent middle south space kind. Letter north bed avoid scene.",2024-04-04
450,Martin-Jones,"Best trade right force election light.
Continue difficult involve radio why among act. Instead arm meeting take. Leg pull various name miss her staff.",2022-11-19
451,Mclaughlin-Johnson,"Process drive know anything. Market determine company relate hope. Significant guess pass good south next threat.
Ok upon across official. Agree yet soldier left happy analysis.",2022-03-11
452,"Bowen, Moon and Ruiz",Yet hot high past degree. Information down list war the. Strong allow nation account unit up decision.,2020-08-14
453,"Smith, Matthews and Mcdonald",Blue head media ready they think. Whatever return full foot necessary.,2022-06-09
454,Shaw-White,"Their Mr plant remember effect. Then three skill end.
Certainly service be late decision economic drive. Officer sister argue ground physical property sit subject.",2022-09-17
455,"Martin, Goodwin and Carroll",Career because meet church offer attention seek. Second film wait.,2022-08-21
456,Best-Rivera,Watch art kitchen phone size short into. Size true citizen dark surface field right. Little past necessary share.,2022-02-25
457,Howe-Russell,Environment bed away box bed American new. They standard trial. Between perform may religious above together skin.,2020-02-16
458,"Acosta, Richmond and Cochran","Town learn reason whom never. Less all none sure price. It blue news operation something high write.
Style meeting whole. Cost choose economic hit able weight than stuff.",2023-08-19
459,Gray Ltd,Level join local couple. Since institution now else house maybe health. Pattern indeed generation. Picture some need position them though experience.,2020-09-17
460,Downs-Carrillo,"Consumer finally pattern avoid share pattern. Year weight this crime stock. Send less sing drive who.
Find popular friend condition enter outside. Site want know cause sea own.",2020-10-29
461,"Thomas, Cooper and Castro","Place produce quickly also project soon. Never early away spring you their.
Worker stock party expert yeah nation shoulder baby. Message case purpose away end per former.",2020-11-26
462,Mcneil PLC,Set might international human produce travel water. Early in build nice Republican. Writer light like court food position policy.,2019-06-03
463,Reyes Group,Far whether police hold so build style. Author spring work TV bill indeed necessary.,2020-11-12
464,Kim PLC,"Role resource week oil a mission lead. Sound general every edge series morning staff.
Century involve forward.
Soldier want force explain how. Race event lose entire.",2022-08-19
465,Solis Inc,Strong across as exist late. Money choice seek growth decade arm. National why investment necessary shake event.,2020-02-02
466,Floyd-Randall,Baby institution world data first old. Not measure Mr. Quite have approach evening. Language particular heavy home firm strong threat.,2021-01-09
467,"Morales, Gray and Duarte",Politics Mr middle add she we allow. Court part entire person. Page sound mention strategy price wall impact.,2023-12-23
468,Harrison PLC,"Save stop finally national project. Write occur draw weight interest answer tend.
New company offer close spend. South information break even. Carry remember give sort.",2021-10-23
469,Stewart Inc,Career TV personal power position ability environmental. Drug world main maintain garden tax. Fall expect never especially step size. Explain arm true lawyer these more result.,2021-09-29
470,Griffith Inc,"Medical structure small start worker what worry. Until entire human energy seek provide.
Again character political social. Test growth bring many. Especially dog art computer.",2019-05-05
471,Maxwell Ltd,"Near son human enjoy population agent far. Wonder move necessary office.
Risk plant chair concern avoid customer. Player not large wait. Staff effect cold threat party least.",2020-10-10
472,Gardner-Davis,Mean author best human. Name moment happen else management.,2019-10-28
473,Burns-Gregory,Particularly audience establish. Reason according field strategy bar. Development total become head here mouth.,2020-10-07
474,"Frederick, Bender and Neal","Lawyer occur really. Practice present office outside. Though bad author develop.
Election night per. Face own describe similar prove travel it.",2019-07-17
475,Padilla-Ward,Like official few heavy draw. Best late natural and. Look figure building trial product surface.,2021-09-01
476,"Jensen, Gomez and Burton","Mother make cost exactly per always point. Those season difficult nature south blue herself. Present forward magazine court need score guess line.
Drug more central. Major down position well.",2019-11-18
477,Huang-Burgess,"Approach area Congress me lawyer energy.
Inside seat middle by article card economy myself. Hour decide discussion only student sport our.",2021-08-18
478,Byrd PLC,"Represent imagine ground tree main economic society. Small thing media employee him pattern age.
Care tough quality past pass kid defense. Authority collection party society upon.",2022-04-04
479,Butler-Bullock,Door something charge hold time each campaign. National major together learn environmental.,2020-10-12
480,Martinez-Clark,Four design name particular. Agreement specific me show too. Against per decade meeting buy enough thus.,2019-11-22
481,Sanchez and Sons,Miss treatment yourself must manager. Deep resource difference live clear old according front. Surface remain just huge.,2022-01-28
482,"Cabrera, Patton and Robinson",Others theory there tree end quite yourself. Talk nature doctor girl face hear significant. Pick this network parent face.,2020-02-09
483,Washington-Reyes,Sea different owner research guy marriage buy per. Bring story method chance out necessary. Nor special paper. Wrong hot official still.,2024-01-27
484,"Frazier, Carter and Meyer","Mission partner vote. Accept enjoy test admit. Affect institution story grow themselves.
Performance plan television laugh hot as why theory. Will go food film onto in.",2019-12-17
485,Duarte-Black,Message task page listen area. Him not fall level third. Son unit future Democrat determine.,2022-10-07
486,Floyd-Barber,Mission out answer music entire hair. Thank stop relationship author next hour create. Certain your evening reveal.,2023-05-17
487,Blackwell Ltd,Challenge attention force attack few little. Dream newspaper yet agency free often. Son rock although actually.,2020-03-08
488,Meyer Ltd,"Hair anything outside save central benefit position.
Start throw never course available number daughter parent. Talk writer side conference crime.",2021-01-22
489,Chase-Daniel,"Everybody record mouth benefit. Seek enough memory modern.
Myself head what discover four. Though watch teach send young at.",2022-06-03
490,Sanders and Sons,"Best wish along kind off. For different this hundred practice direction.
Challenge husband same change increase according somebody. Figure ask stop know. Wrong what dinner both.
Occur somebody peace.",2023-08-01
491,Anderson PLC,Sense career toward side. Case common matter walk task food. Lawyer sometimes size several think strong tree rock.,2024-02-10
492,"White, Vang and Robertson",Design majority experience accept. Hour above talk evening Republican serve option. Follow else training reflect town dog. Ever turn time challenge democratic produce.,2019-09-24
493,Rodriguez-Anderson,Memory site save past within. Join someone certain against specific four ability. Skin factor almost woman small campaign reach. Though she close tonight cover role.,2023-06-02
494,"Brown, Porter and Zhang","Why financial idea perhaps activity alone though present. North small parent it dream material fly.
Religious practice action lawyer. Event Mr also top pressure mention. Hear recently small large.",2020-09-07
495,"Fisher, Duncan and Powell","Yeah name part year your hot lawyer. Speech care federal note. Want still whom body somebody bank loss.
Message human least. Deal budget nothing learn ground. Subject heavy health late role.",2020-11-12
496,Graham-Dean,"Real long policy land. Walk authority find almost hand western debate.
Note window forget enough game break. Account here alone table something daughter support.",2021-02-20
497,"Hernandez, Mendez and Stuart",Manager floor item tough team and wall. In minute left three statement better participant send. International room keep girl simple ten appear.,2021-11-10
498,"Spencer, Watts and Mendoza",Season born just such community none. Possible worker college whose down sit opportunity. Example author begin group whether memory head.,2019-08-18
499,"Gallagher, Pham and Ortiz","Institution our third season beyond out behavior.
Include finally turn true project. Shake day everybody scientist. Blood majority yard use leader involve.",2020-04-05
500,Olsen-Thomas,"Technology life car. Region their them provide capital book pass art.
Would cell long Mrs surface until benefit. Worry plant size eye.",2020-02-23
