hid,hashtag
8940,issue
2162,make
1582,reality
5081,ask
9412,marriage
9730,human
6936,deep
9283,accept
4706,memory
5071,fear
4753,surface
6487,opportunity
4653,here
7821,training
8637,result
4464,phone
5667,few
9304,degree
9851,series
7377,item
7476,this
6138,interesting
8133,important
8060,special
6317,seek
1267,support
8998,there
7049,show
1093,economic
5490,beat
1248,per
7045,report
2087,apply
2210,federal
1747,each
1700,time
7787,doctor
5191,full
3870,use
1668,different
2730,certain
1318,party
2527,thing
1676,themselves
7205,we
2928,short
1647,lead
2992,energy
1080,amount
1766,live
7321,class
2642,first
6792,others
7824,father
4001,position
5446,practice
2877,respond
6593,tough
9767,someone
7189,garden
8515,treat
9407,kind
6948,ten
7517,develop
2044,capital
4780,mission
8244,option
6758,wind
6288,law
1518,stock
8898,spring
3088,network
9966,Republican
1563,who
8317,meeting
2844,society
2180,find
2747,force
6202,commercial
3683,student
2372,over
4946,produce
3260,fine
1624,drug
6851,task
1763,talk
9156,picture
7930,half
9733,organization
2699,then
1315,group
8340,life
2569,born
8194,strategy
7395,rest
5147,since
2962,city
7250,outside
1623,without
1764,little
2649,suffer
5220,sell
5707,radio
8446,learn
3554,build
8695,truth
7899,forward
7657,door
6521,risk
8974,food
3465,explain
8780,pull
1088,major
2720,protect
7003,water
7794,claim
1620,serious
1940,cover
8195,possible
6209,buy
9454,newspaper
2780,magazine
4692,rate
5956,wall
6852,reveal
7080,at
3847,remember
1169,those
5204,our
3213,with
4125,book
5587,rise
1586,stay
9564,another
5151,of
5680,matter
5764,candidate
9932,ever
5608,anything
2057,sure
7453,allow
7062,seat
7626,lot
9159,office
1095,run
8230,example
9732,through
3944,idea
4087,project
7791,control
2617,president
8720,their
4698,write
9556,single
2076,visit
7020,simply
8025,still
8906,guy
4085,admit
2090,mean
3724,nature
1360,career
9725,happen
1567,program
2142,policy
2022,either
1447,but
4834,may
4441,better
8498,often
9372,box
8657,country
2922,understand
7933,continue
3859,many
6940,kid
2721,charge
5325,thousand
9231,should
1212,adult
4971,no
6467,so
5480,yeah
2153,last
3620,low
6213,despite
4260,later
4011,kitchen
6225,ago
9186,budget
2570,method
3354,suggest
8389,blood
8064,stand
5303,long
3164,tax
2595,industry
6547,state
1736,recent
5353,provide
7634,material
4397,if
8864,writer
7051,any
5960,bring
9072,audience
5269,ready
9745,take
9993,store
6781,expect
4842,total
7138,purpose
3718,detail
2052,senior
6321,must
4238,character
4774,season
4445,mother
9368,tonight
1511,husband
2446,discussion
8659,TV
2322,cut
1879,fight
6916,all
5031,way
7409,sister
9519,dark
2183,market
9630,language
1321,they
3577,Democrat
3036,participant
2803,number
9286,forget
3266,field
4519,goal
5067,stage
5012,generation
2339,look
8917,actually
5923,until
9491,add
4383,piece
8512,itself
1239,stuff
4405,out
4459,main
5099,part
3436,face
1222,model
1107,his
5593,as
9373,manage
3508,worker
3534,deal
8955,bed
6461,lawyer
1131,mouth
6866,hit
3484,shoulder
8199,base
8273,letter
4100,somebody
3728,other
7816,pattern
3663,two
5516,cause
7489,hundred
1733,he
7065,environment
3638,relationship
3860,off
7967,describe
2728,ok
6938,maintain
7364,general
9085,recognize
4003,behind
6790,light
4782,fire
6192,some
8323,upon
8445,institution
9620,something
4567,good
5328,police
9071,quite
7470,technology
1789,baby
1509,tend
5939,fund
4460,home
3412,sea
5830,both
2957,sometimes
7414,professional
7550,open
3970,together
7161,now
6638,or
5237,card
2018,great
9303,manager
2149,instead
3691,vote
9356,account
5594,true
2046,send
2616,could
4000,whole
3321,feeling
9763,threat
2483,fly
9662,fact
5671,attack
3191,grow
8556,majority
4078,music
6551,significant
7248,building
4861,onto
2071,race
3664,land
7491,when
6517,require
8614,next
3389,edge
6952,go
9537,sing
6199,assume
7423,able
9907,speech
5682,trouble
6050,church
8228,glass
3276,street
6956,wish
8373,defense
2765,decide
8957,pass
4126,executive
3034,daughter
6379,mind
7622,page
4892,rich
5366,suddenly
2126,my
9584,improve
5217,sit
2383,difference
1330,politics
9595,family
7249,artist
2373,term
3251,answer
3706,man
2002,image
7786,system
3521,spend
6097,most
5381,push
1106,chance
8823,however
5393,attention
5104,sense
9967,like
1014,along
8260,approach
5623,small
1286,second
6904,director
7646,school
2740,red
5932,foot
5007,thought
5967,pretty
9679,sound
9058,sign
9915,skin
7179,break
5847,fill
2732,floor
2145,green
4131,record
2739,listen
7311,decade
7991,across
2195,officer
4518,son
2606,point
2175,resource
3399,seven
8491,condition
9890,exactly
9782,specific
2393,animal
9904,how
7053,relate
3960,perform
6706,authority
8492,for
5902,PM
6318,three
2315,similar
8108,operation
3818,own
2597,enter
8539,always
5196,southern
6397,member
8420,one
2452,believe
6364,billion
8779,though
1592,maybe
3142,on
3825,board
6313,effort
7378,the
7853,that
5974,owner
1554,situation
2888,she
9719,car
8504,read
8076,boy
7263,check
5423,west
3698,air
8572,choice
8167,common
6840,plan
3288,in
8664,best
6629,wait
5184,front
3249,beautiful
5763,because
9255,lose
2414,culture
2295,certainly
6356,international
7468,event
2010,success
5708,eight
3183,join
3522,around
1221,popular
6924,try
1908,side
6630,day
7429,draw
5789,ability
9783,play
2835,hope
4153,cup
5651,modern
2400,money
2934,new
3588,whose
8331,win
1653,girl
5659,measure
1119,clear
7127,hold
2479,dinner
3576,large
2558,morning
9333,catch
2123,pick
5656,I
8893,create
9320,treatment
8386,action
5630,easy
8116,whom
6749,window
7214,care
9741,sport
5309,quickly
1076,ball
4091,arm
6389,reflect
1965,real
4458,become
4784,concern
1730,test
2995,town
6090,free
2659,history
4316,successful
4680,night
8380,back
5827,far
8635,not
6697,scientist
3900,customer
8703,production
3777,view
6197,design
8878,contain
5834,left
8986,staff
7408,pressure
7066,once
7987,college
3498,you
2369,high
7339,usually
4127,cell
3388,head
4772,late
3886,everything
1304,east
6581,message
7299,nation
7338,strong
5574,factor
9975,foreign
2426,under
5420,firm
9488,close
6898,several
6438,pay
4847,court
6508,well
3453,happy
8688,information
5298,body
7759,entire
4166,question
5290,challenge
2084,investment
8447,study
6212,walk
2593,during
6725,song
6501,performance
8451,decision
2608,Mr
5418,range
9218,middle
9901,wrong
3858,feel
5331,include
6735,economy
8406,social
4142,machine
4968,into
3516,yard
6147,cold
8742,them
1037,national
8123,soldier
9487,month
1019,war
4295,course
4689,what
8857,rock
5344,everybody
7393,why
7768,save
1538,employee
6337,else
7683,particularly
9713,before
6344,agent
4932,site
5817,plant
4879,these
7176,whether
7081,will
1346,help
8415,hair
3943,coach
3495,compare
2287,remain
6646,meet
8464,price
9205,bill
8294,house
8405,consumer
2851,keep
8775,article
8286,start
5141,young
9189,scene
7844,do
8319,almost
6529,away
1743,want
8704,Mrs
6400,bit
8741,especially
2502,increase
8985,much
4457,third
3177,weight
7050,community
6505,debate
4393,miss
6220,soon
9041,call
1333,list
6441,prove
7391,while
3225,individual
9461,turn
4448,physical
4589,line
7749,guess
2156,analysis
6096,key
2897,exist
2056,less
4098,people
4884,throw
7575,might
6557,type
8848,near
3716,partner
1932,room
8367,power
7266,various
1023,stop
6700,toward
9948,also
3124,available
5861,determine
3132,none
5323,set
6266,perhaps
5336,job
5828,and
7673,hospital
7226,person
5661,week
4481,be
5505,finally
7623,more
2915,paper
8185,reason
8990,standard
2472,would
5864,health
3676,statement
2745,value
1496,know
2068,leave
7389,crime
6869,simple
8601,democratic
1033,positive
6133,development
1050,fast
2631,agency
9475,huge
8071,section
6310,place
7663,effect
1500,bag
9249,down
6021,professor
3483,speak
8624,me
5975,recently
4263,traditional
6221,expert
3816,by
7147,notice
3726,within
3991,to
1708,nice
1245,difficult
1149,focus
3358,teach
1185,safe
9722,media
5740,its
6955,loss
9749,anyone
9729,white
4592,him
6228,affect
5668,reach
7681,just
9896,necessary
4145,establish
2672,name
5750,art
7247,campaign
1550,couple
9330,old
2919,company
1017,today
7048,blue
3874,where
4482,every
8820,among
6076,arrive
6384,argue
3166,eat
3057,indicate
5633,again
5502,leg
4580,imagine
5113,chair
5194,hour
3876,only
5047,age
5347,game
2488,business
5087,collection
1168,including
5819,laugh
6711,year
9573,return
7815,tree
3246,raise
7757,us
7726,address
1761,news
6830,have
3481,subject
3957,cost
1718,hand
2783,top
7651,black
1487,between
7474,author
1994,south
2429,step
4060,dog
2078,really
4497,knowledge
3515,nearly
2793,inside
7328,begin
6009,trade
8872,bank
3952,travel
3697,direction
3227,experience
9403,personal
3214,process
6590,alone
6250,same
9998,clearly
1353,need
3709,region
7329,four
8163,wear
6654,star
2775,enough
7969,summer
7443,five
2421,rule
9626,parent
3673,realize
1828,carry
9786,dream
6405,it
2880,space
9056,involve
1453,area
4038,conference
8502,western
2226,north
3375,everyone
1682,impact
9864,activity
8871,right
7206,fall
6044,woman
2559,her
5716,end
9634,civil
8006,computer
7650,lay
3215,research
3986,watch
3802,nor
2417,share
5525,wide
6931,word
5392,himself
8366,receive
4660,current
8261,medical
7779,choose
3650,nothing
6983,attorney
8034,heavy
2623,response
2543,religious
1429,agreement
4937,teacher
5715,style
9738,source
8946,myself
6454,drive
6466,interest
2578,oil
5597,tell
1856,form
2038,wonder
5161,bar
6279,American
8480,identify
1637,drop
2862,service
8692,world
1233,too
2614,ground
3115,herself
2127,poor
3651,size
7695,put
6930,administration
9902,above
8758,cultural
2718,central
3982,yourself
5202,environmental
6440,likely
8832,agree
8082,government
8803,fish
9285,shake
5301,hard
2313,painting
8731,prevent
8040,than
4305,future
1101,never
1319,least
7348,final
1625,whatever
9930,trial
9871,station
6409,peace
2516,after
9001,hot
5908,particular
2561,see
2741,ahead
3926,sort
1334,level
3611,color
7437,already
2512,mention
4608,probably
3006,natural
1461,hear
5224,smile
4939,act
4139,beyond
4080,represent
1008,such
8855,give
1099,say
2513,evidence
5216,citizen
7182,even
9946,big
9232,heart
7796,trip
2840,rather
3128,eye
1031,responsibility
5844,present
2509,offer
7855,property
3894,million
1866,camera
8137,reduce
1758,your
9654,brother
7909,theory
1540,leader
2328,bad
4245,financial
9485,from
8929,story
8875,let
6434,about
4479,which
8835,quality
8211,gas
9290,discuss
5635,avoid
3833,serve
9989,work
4050,note
7486,skill
5506,follow
2770,minute
2688,growth
6972,thank
3310,order
8234,benefit
2197,data
5829,up
3377,voice
7990,case
3517,score
4639,Congress
9430,prepare
3316,movie
1601,change
2188,unit
7700,player
6336,century
8470,wife
4703,throughout
1811,can
4962,team
5074,worry
4346,road
2147,former
8722,yet
6509,moment
7945,evening
6444,film
5996,seem
1465,table
6707,a
6286,election
1291,gun
3996,official
1960,management
8303,get
3362,early
4094,against
9999,structure
7199,military
9138,television
7289,indeed
2253,product
2406,past
7750,education
9544,political
4777,thus
1594,local
4053,appear
8156,role
5379,public
4795,center
9908,science
6323,enjoy
9030,behavior
8236,six
8348,consider
3582,think
8586,finish
2330,interview
4950,according
3574,friend
7381,figure
2055,movement
4522,very
3149,population
6633,hotel
3867,move
1927,yes
8155,although
8457,child
9888,discover
9457,occur
6739,security
